insert into user (id, email, name, password, role) values (0, 'pub0@domain.com', 'pub0', 'pass', 'PUBLISHER');
insert into user (id, email, name, password, role) values (1, 'pub1@domain.com', 'pub1', 'pass', 'PUBLISHER');
insert into user (id, email, name, password, role) values (2, 'pub2@domain.com', 'pub2', 'pass', 'PUBLISHER');
insert into user (id, email, name, password, role) values (3, 'pub3@domain.com', 'pub3', 'pass', 'PUBLISHER');
insert into user (id, email, name, password, role) values (4, 'pub4@domain.com', 'pub4', 'pass', 'PUBLISHER');
insert into user (id, email, name, password, role) values (5, 'pub5@domain.com', 'pub5', 'pass', 'PUBLISHER');
insert into user (id, email, name, password, role) values (6, 'pub6@domain.com', 'pub6', 'pass', 'PUBLISHER');
insert into user (id, email, name, password, role) values (7, 'pub7@domain.com', 'pub7', 'pass', 'PUBLISHER');
insert into user (id, email, name, password, role) values (8, 'pub8@domain.com', 'pub8', 'pass', 'PUBLISHER');
insert into user (id, email, name, password, role) values (9, 'pub9@domain.com', 'pub9', 'pass', 'PUBLISHER');
insert into user (id, email, name, password, role) values (10, 'pub10@domain.com', 'pub10', 'pass', 'PUBLISHER');
insert into user (id, email, name, password, role) values (11, 'pub11@domain.com', 'pub11', 'pass', 'PUBLISHER');
insert into user (id, email, name, password, role) values (12, 'pub12@domain.com', 'pub12', 'pass', 'PUBLISHER');
insert into user (id, email, name, password, role) values (13, 'pub13@domain.com', 'pub13', 'pass', 'PUBLISHER');
insert into user (id, email, name, password, role) values (14, 'pub14@domain.com', 'pub14', 'pass', 'PUBLISHER');
insert into user (id, email, name, password, role) values (15, 'pub15@domain.com', 'pub15', 'pass', 'PUBLISHER');
insert into user (id, email, name, password, role) values (16, 'pub16@domain.com', 'pub16', 'pass', 'PUBLISHER');
insert into user (id, email, name, password, role) values (17, 'pub17@domain.com', 'pub17', 'pass', 'PUBLISHER');
insert into user (id, email, name, password, role) values (18, 'pub18@domain.com', 'pub18', 'pass', 'PUBLISHER');
insert into user (id, email, name, password, role) values (19, 'pub19@domain.com', 'pub19', 'pass', 'PUBLISHER');
insert into user (id, email, name, password, role) values (20, 'pub20@domain.com', 'pub20', 'pass', 'PUBLISHER');
insert into user (id, email, name, password, role) values (21, 'pub21@domain.com', 'pub21', 'pass', 'PUBLISHER');
insert into user (id, email, name, password, role) values (22, 'pub22@domain.com', 'pub22', 'pass', 'PUBLISHER');
insert into user (id, email, name, password, role) values (23, 'pub23@domain.com', 'pub23', 'pass', 'PUBLISHER');
insert into user (id, email, name, password, role) values (24, 'pub24@domain.com', 'pub24', 'pass', 'PUBLISHER');
insert into user (id, email, name, password, role) values (25, 'pub25@domain.com', 'pub25', 'pass', 'PUBLISHER');
insert into user (id, email, name, password, role) values (26, 'pub26@domain.com', 'pub26', 'pass', 'PUBLISHER');
insert into user (id, email, name, password, role) values (27, 'pub27@domain.com', 'pub27', 'pass', 'PUBLISHER');
insert into user (id, email, name, password, role) values (28, 'pub28@domain.com', 'pub28', 'pass', 'PUBLISHER');
insert into user (id, email, name, password, role) values (29, 'pub29@domain.com', 'pub29', 'pass', 'PUBLISHER');
insert into user (id, email, name, password, role) values (30, 'pub30@domain.com', 'pub30', 'pass', 'PUBLISHER');

insert into user (id, email, name, password, role) values (31, 'admin@domain.com', 'admin', 'pass', 'ADMIN');
insert into user (id, email, name, password, role) values (32, 'adops@domain.com', 'adops', 'pass', 'ADOPS');

alter sequence USER_ID_SEQ restart with 33 increment by 1;
commit;


insert into app (id, name, type, user_id) values (0, 'app0', 'IOS', 0);
insert into app (id, name, type, user_id) values (1, 'app1', 'IOS', 1);
insert into app (id, name, type, user_id) values (2, 'app2', 'IOS', 2);
insert into app (id, name, type, user_id) values (3, 'app3', 'IOS', 3);
insert into app (id, name, type, user_id) values (4, 'app4', 'IOS', 4);
insert into app (id, name, type, user_id) values (5, 'app5', 'IOS', 5);
insert into app (id, name, type, user_id) values (6, 'app6', 'ANDROID', 5);
insert into app (id, name, type, user_id) values (7, 'app7', 'IOS', 7);
insert into app (id, name, type, user_id) values (8, 'app8', 'ANDROID', 8);
insert into app (id, name, type, user_id) values (9, 'app9', 'IOS', 9);
insert into app (id, name, type, user_id) values (10, 'app10', 'ANDROID', 10);
insert into app (id, name, type, user_id) values (11, 'app11', 'WEBSITE', 11);
insert into app (id, name, type, user_id) values (12, 'app12', 'IOS', 12);
insert into app (id, name, type, user_id) values (13, 'app13', 'ANDROID', 13);
insert into app (id, name, type, user_id) values (14, 'app14', 'WEBSITE', 14);
insert into app (id, name, type, user_id) values (15, 'app15', 'IOS', 15);
insert into app (id, name, type, user_id) values (16, 'app16', 'ANDROID', 16);
insert into app (id, name, type, user_id) values (17, 'app17', 'WEBSITE', 17);
insert into app (id, name, type, user_id) values (18, 'app18', 'IOS', 18);
insert into app (id, name, type, user_id) values (19, 'app19', 'ANDROID', 19);
insert into app (id, name, type, user_id) values (20, 'app20', 'WEBSITE', 20);
insert into app (id, name, type, user_id) values (21, 'app21', 'IOS', 21);
insert into app (id, name, type, user_id) values (22, 'app22', 'ANDROID', 22);
insert into app (id, name, type, user_id) values (23, 'app23', 'WEBSITE', 23);
insert into app (id, name, type, user_id) values (24, 'app24', 'IOS', 24);
insert into app (id, name, type, user_id) values (25, 'app25', 'ANDROID', 25);
insert into app (id, name, type, user_id) values (26, 'app26', 'WEBSITE', 26);
insert into app (id, name, type, user_id) values (27, 'app27', 'IOS', 27);
insert into app (id, name, type, user_id) values (28, 'app28', 'ANDROID', 28);
insert into app (id, name, type, user_id) values (29, 'app29', 'WEBSITE', 29);
insert into app (id, name, type, user_id) values (30, 'app30', 'IOS', 29);
insert into app (id, name, type, user_id) values (31, 'app31', 'ANDROID', 29);
insert into app (id, name, type, user_id) values (32, 'app32', 'WEBSITE', 30);
insert into app (id, name, type, user_id) values (33, 'app33', 'IOS', 30);
insert into app (id, name, type, user_id) values (34, 'app34', 'ANDROID', 30);

alter sequence APP_ID_SEQ restart with 35 increment by 1;
commit;

insert into app_content_types (app_id, content_types) values (0, 'VIDEO');
insert into app_content_types (app_id, content_types) values (1, 'IMAGE');
insert into app_content_types (app_id, content_types) values (2, 'HTML');
insert into app_content_types (app_id, content_types) values (3, 'VIDEO');
insert into app_content_types (app_id, content_types) values (4, 'IMAGE');
insert into app_content_types (app_id, content_types) values (5, 'HTML');
insert into app_content_types (app_id, content_types) values (6, 'VIDEO');
insert into app_content_types (app_id, content_types) values (6, 'IMAGE');
insert into app_content_types (app_id, content_types) values (7, 'HTML');
insert into app_content_types (app_id, content_types) values (7, 'IMAGE');
insert into app_content_types (app_id, content_types) values (8, 'VIDEO');
insert into app_content_types (app_id, content_types) values (8, 'IMAGE');
insert into app_content_types (app_id, content_types) values (8, 'HTML');
insert into app_content_types (app_id, content_types) values (9, 'VIDEO');
insert into app_content_types (app_id, content_types) values (9, 'IMAGE');
insert into app_content_types (app_id, content_types) values (9, 'HTML');
insert into app_content_types (app_id, content_types) values (10, 'HTML');
insert into app_content_types (app_id, content_types) values (11, 'HTML');
insert into app_content_types (app_id, content_types) values (12, 'HTML');
insert into app_content_types (app_id, content_types) values (13, 'HTML');
insert into app_content_types (app_id, content_types) values (14, 'HTML');
insert into app_content_types (app_id, content_types) values (15, 'HTML');
insert into app_content_types (app_id, content_types) values (16, 'HTML');
insert into app_content_types (app_id, content_types) values (17, 'HTML');
insert into app_content_types (app_id, content_types) values (18, 'HTML');
insert into app_content_types (app_id, content_types) values (19, 'HTML');
insert into app_content_types (app_id, content_types) values (20, 'HTML');
insert into app_content_types (app_id, content_types) values (21, 'HTML');
insert into app_content_types (app_id, content_types) values (22, 'HTML');
insert into app_content_types (app_id, content_types) values (23, 'HTML');
insert into app_content_types (app_id, content_types) values (24, 'HTML');
insert into app_content_types (app_id, content_types) values (25, 'HTML');
insert into app_content_types (app_id, content_types) values (26, 'HTML');
insert into app_content_types (app_id, content_types) values (27, 'HTML');
insert into app_content_types (app_id, content_types) values (28, 'HTML');
insert into app_content_types (app_id, content_types) values (29, 'HTML');
insert into app_content_types (app_id, content_types) values (30, 'HTML');
insert into app_content_types (app_id, content_types) values (31, 'HTML');
insert into app_content_types (app_id, content_types) values (32, 'HTML');
insert into app_content_types (app_id, content_types) values (33, 'HTML');
insert into app_content_types (app_id, content_types) values (34, 'HTML');
commit;